{
    "0": {
        "precision": 0.9586776859504132,
        "recall": 0.9872340425531915,
        "f1-score": 0.9727463312368972,
        "support": 235.0
    },
    "1": {
        "precision": 0.7,
        "recall": 0.4117647058823529,
        "f1-score": 0.5185185185185185,
        "support": 17.0
    },
    "accuracy": 0.9484126984126984,
    "macro avg": {
        "precision": 0.8293388429752067,
        "recall": 0.6994993742177722,
        "f1-score": 0.7456324248777079,
        "support": 252.0
    },
    "weighted avg": {
        "precision": 0.9412272071362981,
        "recall": 0.9484126984126984,
        "f1-score": 0.9421039787916097,
        "support": 252.0
    }
}