{
    "0": {
        "precision": 0.9227053140096618,
        "recall": 0.955,
        "f1-score": 0.9385749385749386,
        "support": 200.0
    },
    "1": {
        "precision": 0.8,
        "recall": 0.6923076923076923,
        "f1-score": 0.7422680412371134,
        "support": 52.0
    },
    "accuracy": 0.9007936507936508,
    "macro avg": {
        "precision": 0.8613526570048309,
        "recall": 0.8236538461538461,
        "f1-score": 0.840421489906026,
        "support": 252.0
    },
    "weighted avg": {
        "precision": 0.8973851698489379,
        "recall": 0.9007936507936508,
        "f1-score": 0.8980671661084032,
        "support": 252.0
    }
}