{
    "0": 0.6994993742177722,
    "1": 0.8236538461538461
}