{
    "0": {
        "precision": 0.8597285067873304,
        "recall": 0.95,
        "f1-score": 0.9026128266033254,
        "support": 200.0
    },
    "1": {
        "precision": 0.6774193548387096,
        "recall": 0.40384615384615385,
        "f1-score": 0.5060240963855421,
        "support": 52.0
    },
    "accuracy": 0.8373015873015873,
    "macro avg": {
        "precision": 0.76857393081302,
        "recall": 0.676923076923077,
        "f1-score": 0.7043184614944338,
        "support": 252.0
    },
    "weighted avg": {
        "precision": 0.8221091579725356,
        "recall": 0.8373015873015873,
        "f1-score": 0.8207770568758463,
        "support": 252.0
    }
}