{
    "0": {
        "precision": 0.9583333333333334,
        "recall": 0.9787234042553191,
        "f1-score": 0.968421052631579,
        "support": 235.0
    },
    "1": {
        "precision": 0.5833333333333334,
        "recall": 0.4117647058823529,
        "f1-score": 0.4827586206896552,
        "support": 17.0
    },
    "accuracy": 0.9404761904761905,
    "macro avg": {
        "precision": 0.7708333333333334,
        "recall": 0.695244055068836,
        "f1-score": 0.725589836660617,
        "support": 252.0
    },
    "weighted avg": {
        "precision": 0.9330357142857143,
        "recall": 0.9404761904761905,
        "f1-score": 0.935658110794227,
        "support": 252.0
    }
}