{
    "0": 0.6952440550688359,
    "1": 0.6769230769230768
}