{
    "0": {
        "precision": 0.94,
        "recall": 1.0,
        "f1-score": 0.9690721649484536,
        "support": 235.0
    },
    "1": {
        "precision": 1.0,
        "recall": 0.11764705882352941,
        "f1-score": 0.21052631578947367,
        "support": 17.0
    },
    "accuracy": 0.9404761904761905,
    "macro avg": {
        "precision": 0.97,
        "recall": 0.5588235294117647,
        "f1-score": 0.5897992403689636,
        "support": 252.0
    },
    "weighted avg": {
        "precision": 0.9440476190476189,
        "recall": 0.9404761904761905,
        "f1-score": 0.9179004211559827,
        "support": 252.0
    }
}