{
    "0": {
        "precision": 0.8602620087336245,
        "recall": 0.985,
        "f1-score": 0.9184149184149184,
        "support": 200.0
    },
    "1": {
        "precision": 0.8695652173913043,
        "recall": 0.38461538461538464,
        "f1-score": 0.5333333333333333,
        "support": 52.0
    },
    "accuracy": 0.8611111111111112,
    "macro avg": {
        "precision": 0.8649136130624644,
        "recall": 0.6848076923076923,
        "f1-score": 0.7258741258741259,
        "support": 252.0
    },
    "weighted avg": {
        "precision": 0.8621817184566378,
        "recall": 0.8611111111111112,
        "f1-score": 0.838953638953639,
        "support": 252.0
    }
}