{
    "0": 0.5588235294117647,
    "1": 0.6848076923076922
}