{
    "cyber_label": {
        "precision": 0.8571428571428571,
        "recall": 0.35294117647058826,
        "f1-score": 0.5,
        "support": 17.0
    },
    "environmental_issue": {
        "precision": 0.8529411764705882,
        "recall": 0.5576923076923077,
        "f1-score": 0.6744186046511628,
        "support": 52.0
    },
    "micro avg": {
        "precision": 0.8536585365853658,
        "recall": 0.5072463768115942,
        "f1-score": 0.6363636363636364,
        "support": 69.0
    },
    "macro avg": {
        "precision": 0.8550420168067226,
        "recall": 0.455316742081448,
        "f1-score": 0.5872093023255813,
        "support": 69.0
    },
    "weighted avg": {
        "precision": 0.8539763731579588,
        "recall": 0.5072463768115942,
        "f1-score": 0.6314459049544995,
        "support": 69.0
    },
    "samples avg": {
        "precision": 0.1388888888888889,
        "recall": 0.13690476190476192,
        "f1-score": 0.13756613756613756,
        "support": 69.0
    }
}