{
    "0": {
        "precision": 0.8944954128440367,
        "recall": 0.975,
        "f1-score": 0.9330143540669856,
        "support": 200.0
    },
    "1": {
        "precision": 0.8529411764705882,
        "recall": 0.5576923076923077,
        "f1-score": 0.6744186046511628,
        "support": 52.0
    },
    "accuracy": 0.8888888888888888,
    "macro avg": {
        "precision": 0.8737182946573124,
        "recall": 0.7663461538461538,
        "f1-score": 0.8037164793590742,
        "support": 252.0
    },
    "weighted avg": {
        "precision": 0.8859207291479282,
        "recall": 0.8888888888888888,
        "f1-score": 0.8796533264097524,
        "support": 252.0
    }
}