{
    "0": 0.674342928660826,
    "1": 0.7663461538461539
}