{
    "0": {
        "precision": 0.9767441860465116,
        "recall": 0.8936170212765957,
        "f1-score": 0.9333333333333333,
        "support": 235.0
    },
    "1": {
        "precision": 0.32432432432432434,
        "recall": 0.7058823529411765,
        "f1-score": 0.4444444444444444,
        "support": 17.0
    },
    "accuracy": 0.8809523809523809,
    "macro avg": {
        "precision": 0.650534255185418,
        "recall": 0.799749687108886,
        "f1-score": 0.6888888888888889,
        "support": 252.0
    },
    "weighted avg": {
        "precision": 0.9327317350573164,
        "recall": 0.8809523809523809,
        "f1-score": 0.900352733686067,
        "support": 252.0
    }
}