{
    "cyber_label": {
        "precision": 0.32432432432432434,
        "recall": 0.7058823529411765,
        "f1-score": 0.4444444444444444,
        "support": 17.0
    },
    "environmental_issue": {
        "precision": 0.5789473684210527,
        "recall": 0.8461538461538461,
        "f1-score": 0.6875,
        "support": 52.0
    },
    "micro avg": {
        "precision": 0.49557522123893805,
        "recall": 0.8115942028985508,
        "f1-score": 0.6153846153846154,
        "support": 69.0
    },
    "macro avg": {
        "precision": 0.4516358463726885,
        "recall": 0.7760180995475113,
        "f1-score": 0.5659722222222222,
        "support": 69.0
    },
    "weighted avg": {
        "precision": 0.5162141546580906,
        "recall": 0.8115942028985508,
        "f1-score": 0.6276167471819646,
        "support": 69.0
    },
    "samples avg": {
        "precision": 0.20634920634920634,
        "recall": 0.21626984126984128,
        "f1-score": 0.20899470899470898,
        "support": 69.0
    }
}