{
    "0": {
        "precision": 0.9545454545454546,
        "recall": 0.84,
        "f1-score": 0.8936170212765957,
        "support": 200.0
    },
    "1": {
        "precision": 0.5789473684210527,
        "recall": 0.8461538461538461,
        "f1-score": 0.6875,
        "support": 52.0
    },
    "accuracy": 0.8412698412698413,
    "macro avg": {
        "precision": 0.7667464114832536,
        "recall": 0.8430769230769231,
        "f1-score": 0.7905585106382979,
        "support": 252.0
    },
    "weighted avg": {
        "precision": 0.8770410875674034,
        "recall": 0.8412698412698413,
        "f1-score": 0.8510849375211077,
        "support": 252.0
    }
}