{
    "0": 0.7997496871088862,
    "1": 0.8430769230769232
}