{
    "0": {
        "precision": 0.9408602150537635,
        "recall": 0.875,
        "f1-score": 0.9067357512953368,
        "support": 200.0
    },
    "1": {
        "precision": 0.6212121212121212,
        "recall": 0.7884615384615384,
        "f1-score": 0.6949152542372882,
        "support": 52.0
    },
    "accuracy": 0.8571428571428571,
    "macro avg": {
        "precision": 0.7810361681329423,
        "recall": 0.8317307692307692,
        "f1-score": 0.8008255027663125,
        "support": 252.0
    },
    "weighted avg": {
        "precision": 0.874901084578504,
        "recall": 0.8571428571428571,
        "f1-score": 0.8630267598389141,
        "support": 252.0
    }
}