{
    "0": {
        "precision": 0.9782608695652174,
        "recall": 0.9574468085106383,
        "f1-score": 0.967741935483871,
        "support": 235.0
    },
    "1": {
        "precision": 0.5454545454545454,
        "recall": 0.7058823529411765,
        "f1-score": 0.6153846153846154,
        "support": 17.0
    },
    "accuracy": 0.9404761904761905,
    "macro avg": {
        "precision": 0.7618577075098814,
        "recall": 0.8316645807259074,
        "f1-score": 0.7915632754342432,
        "support": 252.0
    },
    "weighted avg": {
        "precision": 0.9490636175418785,
        "recall": 0.9404761904761905,
        "f1-score": 0.9439717988105085,
        "support": 252.0
    }
}