{
    "0": 0.8316645807259075,
    "1": 0.8317307692307692
}