{
    "0": {
        "precision": 0.9545454545454546,
        "recall": 0.9829787234042553,
        "f1-score": 0.9685534591194969,
        "support": 235.0
    },
    "1": {
        "precision": 0.6,
        "recall": 0.35294117647058826,
        "f1-score": 0.4444444444444444,
        "support": 17.0
    },
    "accuracy": 0.9404761904761905,
    "macro avg": {
        "precision": 0.7772727272727273,
        "recall": 0.6679599499374218,
        "f1-score": 0.7064989517819706,
        "support": 252.0
    },
    "weighted avg": {
        "precision": 0.9306277056277057,
        "recall": 0.9404761904761905,
        "f1-score": 0.9331968986057035,
        "support": 252.0
    }
}