{
    "0": {
        "precision": 0.9261083743842364,
        "recall": 0.94,
        "f1-score": 0.9330024813895782,
        "support": 200.0
    },
    "1": {
        "precision": 0.7551020408163265,
        "recall": 0.7115384615384616,
        "f1-score": 0.7326732673267327,
        "support": 52.0
    },
    "accuracy": 0.8928571428571429,
    "macro avg": {
        "precision": 0.8406052076002815,
        "recall": 0.8257692307692308,
        "f1-score": 0.8328378743581555,
        "support": 252.0
    },
    "weighted avg": {
        "precision": 0.8908213531718105,
        "recall": 0.8928571428571429,
        "f1-score": 0.8916647070591498,
        "support": 252.0
    }
}