{
    "cyber_label": {
        "precision": 0.6,
        "recall": 0.35294117647058826,
        "f1-score": 0.4444444444444444,
        "support": 17.0
    },
    "environmental_issue": {
        "precision": 0.7551020408163265,
        "recall": 0.7115384615384616,
        "f1-score": 0.7326732673267327,
        "support": 52.0
    },
    "micro avg": {
        "precision": 0.7288135593220338,
        "recall": 0.6231884057971014,
        "f1-score": 0.671875,
        "support": 69.0
    },
    "macro avg": {
        "precision": 0.6775510204081632,
        "recall": 0.5322398190045249,
        "f1-score": 0.5885588558855885,
        "support": 69.0
    },
    "weighted avg": {
        "precision": 0.7168884945282461,
        "recall": 0.6231884057971014,
        "f1-score": 0.6616603689354442,
        "support": 69.0
    },
    "samples avg": {
        "precision": 0.16468253968253968,
        "recall": 0.16468253968253968,
        "f1-score": 0.164021164021164,
        "support": 69.0
    }
}