{
    "0": 0.6679599499374218,
    "1": 0.8257692307692307
}