{
    "cyber_label": {
        "precision": 0.5882352941176471,
        "recall": 0.5882352941176471,
        "f1-score": 0.5882352941176471,
        "support": 17.0
    },
    "environmental_issue": {
        "precision": 0.6744186046511628,
        "recall": 0.5576923076923077,
        "f1-score": 0.6105263157894737,
        "support": 52.0
    },
    "micro avg": {
        "precision": 0.65,
        "recall": 0.5652173913043478,
        "f1-score": 0.6046511627906976,
        "support": 69.0
    },
    "macro avg": {
        "precision": 0.6313269493844049,
        "recall": 0.5729638009049773,
        "f1-score": 0.5993808049535604,
        "support": 69.0
    },
    "weighted avg": {
        "precision": 0.6531850353892821,
        "recall": 0.5652173913043478,
        "f1-score": 0.6050343249427917,
        "support": 69.0
    },
    "samples avg": {
        "precision": 0.1527777777777778,
        "recall": 0.15079365079365079,
        "f1-score": 0.15079365079365079,
        "support": 69.0
    }
}