{
    "0": {
        "precision": 0.8899521531100478,
        "recall": 0.93,
        "f1-score": 0.9095354523227384,
        "support": 200.0
    },
    "1": {
        "precision": 0.6744186046511628,
        "recall": 0.5576923076923077,
        "f1-score": 0.6105263157894737,
        "support": 52.0
    },
    "accuracy": 0.8531746031746031,
    "macro avg": {
        "precision": 0.7821853788806052,
        "recall": 0.7438461538461538,
        "f1-score": 0.7600308840561061,
        "support": 252.0
    },
    "weighted avg": {
        "precision": 0.8454769764439286,
        "recall": 0.8531746031746031,
        "f1-score": 0.8478351543079378,
        "support": 252.0
    }
}