{
    "0": {
        "precision": 0.9702127659574468,
        "recall": 0.9702127659574468,
        "f1-score": 0.9702127659574468,
        "support": 235.0
    },
    "1": {
        "precision": 0.5882352941176471,
        "recall": 0.5882352941176471,
        "f1-score": 0.5882352941176471,
        "support": 17.0
    },
    "accuracy": 0.9444444444444444,
    "macro avg": {
        "precision": 0.7792240300375469,
        "recall": 0.7792240300375469,
        "f1-score": 0.7792240300375469,
        "support": 252.0
    },
    "weighted avg": {
        "precision": 0.9444444444444444,
        "recall": 0.9444444444444444,
        "f1-score": 0.9444444444444444,
        "support": 252.0
    }
}