{
    "0": 0.7792240300375469,
    "1": 0.7438461538461538
}