{
    "0": {
        "precision": 0.9402173913043478,
        "recall": 0.865,
        "f1-score": 0.9010416666666666,
        "support": 200.0
    },
    "1": {
        "precision": 0.6029411764705882,
        "recall": 0.7884615384615384,
        "f1-score": 0.6833333333333333,
        "support": 52.0
    },
    "accuracy": 0.8492063492063492,
    "macro avg": {
        "precision": 0.771579283887468,
        "recall": 0.8267307692307693,
        "f1-score": 0.7921875,
        "support": 252.0
    },
    "weighted avg": {
        "precision": 0.8706207120529371,
        "recall": 0.8492063492063492,
        "f1-score": 0.8561177248677247,
        "support": 252.0
    }
}