{
    "0": {
        "precision": 0.9776785714285714,
        "recall": 0.9319148936170213,
        "f1-score": 0.954248366013072,
        "support": 235.0
    },
    "1": {
        "precision": 0.42857142857142855,
        "recall": 0.7058823529411765,
        "f1-score": 0.5333333333333333,
        "support": 17.0
    },
    "accuracy": 0.9166666666666666,
    "macro avg": {
        "precision": 0.703125,
        "recall": 0.8188986232790989,
        "f1-score": 0.7437908496732026,
        "support": 252.0
    },
    "weighted avg": {
        "precision": 0.9406356292517006,
        "recall": 0.9166666666666666,
        "f1-score": 0.9258533042846769,
        "support": 252.0
    }
}