{
    "0": 0.818898623279099,
    "1": 0.8267307692307692
}