{
    "0": {
        "precision": 0.867579908675799,
        "recall": 0.95,
        "f1-score": 0.9069212410501193,
        "support": 200.0
    },
    "1": {
        "precision": 0.696969696969697,
        "recall": 0.4423076923076923,
        "f1-score": 0.5411764705882353,
        "support": 52.0
    },
    "accuracy": 0.8452380952380952,
    "macro avg": {
        "precision": 0.782274802822748,
        "recall": 0.6961538461538461,
        "f1-score": 0.7240488558191773,
        "support": 252.0
    },
    "weighted avg": {
        "precision": 0.8323746268951748,
        "recall": 0.8452380952380952,
        "f1-score": 0.8314500979389369,
        "support": 252.0
    }
}