{
    "0": {
        "precision": 0.961864406779661,
        "recall": 0.9659574468085106,
        "f1-score": 0.9639065817409767,
        "support": 235.0
    },
    "1": {
        "precision": 0.5,
        "recall": 0.47058823529411764,
        "f1-score": 0.48484848484848486,
        "support": 17.0
    },
    "accuracy": 0.9325396825396826,
    "macro avg": {
        "precision": 0.7309322033898304,
        "recall": 0.7182728410513142,
        "f1-score": 0.7243775332947308,
        "support": 252.0
    },
    "weighted avg": {
        "precision": 0.9307068872746839,
        "recall": 0.9325396825396826,
        "f1-score": 0.9315891704426736,
        "support": 252.0
    }
}