{
    "0": 0.7182728410513142,
    "1": 0.6961538461538461
}