{
    "0": {
        "precision": 0.9663865546218487,
        "recall": 0.9787234042553191,
        "f1-score": 0.9725158562367865,
        "support": 235.0
    },
    "1": {
        "precision": 0.6428571428571429,
        "recall": 0.5294117647058824,
        "f1-score": 0.5806451612903226,
        "support": 17.0
    },
    "accuracy": 0.9484126984126984,
    "macro avg": {
        "precision": 0.8046218487394958,
        "recall": 0.7540675844806007,
        "f1-score": 0.7765805087635546,
        "support": 252.0
    },
    "weighted avg": {
        "precision": 0.9445611577964519,
        "recall": 0.9484126984126984,
        "f1-score": 0.9460801347523028,
        "support": 252.0
    }
}