{
    "0": {
        "precision": 0.893719806763285,
        "recall": 0.925,
        "f1-score": 0.9090909090909091,
        "support": 200.0
    },
    "1": {
        "precision": 0.6666666666666666,
        "recall": 0.5769230769230769,
        "f1-score": 0.6185567010309279,
        "support": 52.0
    },
    "accuracy": 0.8531746031746031,
    "macro avg": {
        "precision": 0.7801932367149758,
        "recall": 0.7509615384615385,
        "f1-score": 0.7638238050609185,
        "support": 252.0
    },
    "weighted avg": {
        "precision": 0.8468675715052526,
        "recall": 0.8531746031746031,
        "f1-score": 0.8491394058404368,
        "support": 252.0
    }
}