{
    "0": 0.7540675844806006,
    "1": 0.7509615384615385
}