{
    "0": {
        "precision": 0.9508196721311475,
        "recall": 0.9872340425531915,
        "f1-score": 0.9686847599164927,
        "support": 235.0
    },
    "1": {
        "precision": 0.625,
        "recall": 0.29411764705882354,
        "f1-score": 0.4,
        "support": 17.0
    },
    "accuracy": 0.9404761904761905,
    "macro avg": {
        "precision": 0.7879098360655737,
        "recall": 0.6406758448060075,
        "f1-score": 0.6843423799582464,
        "support": 252.0
    },
    "weighted avg": {
        "precision": 0.9288397736143638,
        "recall": 0.9404761904761905,
        "f1-score": 0.9303211054776818,
        "support": 252.0
    }
}