{
    "0": {
        "precision": 0.919047619047619,
        "recall": 0.965,
        "f1-score": 0.9414634146341463,
        "support": 200.0
    },
    "1": {
        "precision": 0.8333333333333334,
        "recall": 0.6730769230769231,
        "f1-score": 0.7446808510638298,
        "support": 52.0
    },
    "accuracy": 0.9047619047619048,
    "macro avg": {
        "precision": 0.8761904761904762,
        "recall": 0.8190384615384616,
        "f1-score": 0.8430721328489881,
        "support": 252.0
    },
    "weighted avg": {
        "precision": 0.9013605442176871,
        "recall": 0.9047619047619048,
        "f1-score": 0.9008574888180492,
        "support": 252.0
    }
}