{
    "0": 0.6406758448060075,
    "1": 0.8190384615384616
}