{
    "0": {
        "precision": 0.9417989417989417,
        "recall": 0.89,
        "f1-score": 0.9151670951156813,
        "support": 200.0
    },
    "1": {
        "precision": 0.6507936507936508,
        "recall": 0.7884615384615384,
        "f1-score": 0.7130434782608696,
        "support": 52.0
    },
    "accuracy": 0.8690476190476191,
    "macro avg": {
        "precision": 0.7962962962962963,
        "recall": 0.8392307692307692,
        "f1-score": 0.8141052866882754,
        "support": 252.0
    },
    "weighted avg": {
        "precision": 0.8817502309565801,
        "recall": 0.8690476190476191,
        "f1-score": 0.8734590471932597,
        "support": 252.0
    }
}