{
    "cyber_label": {
        "precision": 0.5714285714285714,
        "recall": 0.7058823529411765,
        "f1-score": 0.631578947368421,
        "support": 17.0
    },
    "environmental_issue": {
        "precision": 0.6507936507936508,
        "recall": 0.7884615384615384,
        "f1-score": 0.7130434782608696,
        "support": 52.0
    },
    "micro avg": {
        "precision": 0.6309523809523809,
        "recall": 0.7681159420289855,
        "f1-score": 0.6928104575163399,
        "support": 69.0
    },
    "macro avg": {
        "precision": 0.6111111111111112,
        "recall": 0.7471719457013575,
        "f1-score": 0.6723112128146453,
        "support": 69.0
    },
    "weighted avg": {
        "precision": 0.6312399355877617,
        "recall": 0.7681159420289855,
        "f1-score": 0.6929725068815706,
        "support": 69.0
    },
    "samples avg": {
        "precision": 0.1984126984126984,
        "recall": 0.20436507936507936,
        "f1-score": 0.1997354497354497,
        "support": 69.0
    }
}