{
    "0": {
        "precision": 0.9783549783549783,
        "recall": 0.9617021276595744,
        "f1-score": 0.9699570815450643,
        "support": 235.0
    },
    "1": {
        "precision": 0.5714285714285714,
        "recall": 0.7058823529411765,
        "f1-score": 0.631578947368421,
        "support": 17.0
    },
    "accuracy": 0.9444444444444444,
    "macro avg": {
        "precision": 0.7748917748917749,
        "recall": 0.8337922403003755,
        "f1-score": 0.8007680144567426,
        "support": 252.0
    },
    "weighted avg": {
        "precision": 0.9509035937607366,
        "recall": 0.9444444444444444,
        "f1-score": 0.9471299851918781,
        "support": 252.0
    }
}