{
    "0": 0.8337922403003756,
    "1": 0.8392307692307692
}