{
    "0": {
        "precision": 0.9551020408163265,
        "recall": 0.9957446808510638,
        "f1-score": 0.975,
        "support": 235.0
    },
    "1": {
        "precision": 0.8571428571428571,
        "recall": 0.35294117647058826,
        "f1-score": 0.5,
        "support": 17.0
    },
    "accuracy": 0.9523809523809523,
    "macro avg": {
        "precision": 0.9061224489795918,
        "recall": 0.674342928660826,
        "f1-score": 0.7375,
        "support": 252.0
    },
    "weighted avg": {
        "precision": 0.9484936831875609,
        "recall": 0.9523809523809523,
        "f1-score": 0.9429563492063492,
        "support": 252.0
    }
}