{
    "0": {
        "precision": 0.9138755980861244,
        "recall": 0.955,
        "f1-score": 0.9339853300733496,
        "support": 200.0
    },
    "1": {
        "precision": 0.7906976744186046,
        "recall": 0.6538461538461539,
        "f1-score": 0.7157894736842105,
        "support": 52.0
    },
    "accuracy": 0.8928571428571429,
    "macro avg": {
        "precision": 0.8522866362523644,
        "recall": 0.8044230769230769,
        "f1-score": 0.8248874018787801,
        "support": 252.0
    },
    "weighted avg": {
        "precision": 0.8884579312975885,
        "recall": 0.8928571428571429,
        "f1-score": 0.8889607882787653,
        "support": 252.0
    }
}