{
    "0": 0.674342928660826,
    "1": 0.8044230769230769
}