{
    "0": {
        "precision": 0.9549180327868853,
        "recall": 0.9914893617021276,
        "f1-score": 0.9728601252609603,
        "support": 235.0
    },
    "1": {
        "precision": 0.75,
        "recall": 0.35294117647058826,
        "f1-score": 0.48,
        "support": 17.0
    },
    "accuracy": 0.9484126984126984,
    "macro avg": {
        "precision": 0.8524590163934427,
        "recall": 0.672215269086358,
        "f1-score": 0.7264300626304802,
        "support": 252.0
    },
    "weighted avg": {
        "precision": 0.9410941972417383,
        "recall": 0.9484126984126984,
        "f1-score": 0.9396116247473241,
        "support": 252.0
    }
}