{
    "cyber_label": {
        "precision": 0.75,
        "recall": 0.35294117647058826,
        "f1-score": 0.48,
        "support": 17.0
    },
    "environmental_issue": {
        "precision": 0.8378378378378378,
        "recall": 0.5961538461538461,
        "f1-score": 0.6966292134831461,
        "support": 52.0
    },
    "micro avg": {
        "precision": 0.8222222222222222,
        "recall": 0.5362318840579711,
        "f1-score": 0.6491228070175439,
        "support": 69.0
    },
    "macro avg": {
        "precision": 0.7939189189189189,
        "recall": 0.4745475113122172,
        "f1-score": 0.588314606741573,
        "support": 69.0
    },
    "weighted avg": {
        "precision": 0.8161966314140227,
        "recall": 0.5362318840579711,
        "f1-score": 0.6432567985670086,
        "support": 69.0
    },
    "samples avg": {
        "precision": 0.1388888888888889,
        "recall": 0.14087301587301587,
        "f1-score": 0.1388888888888889,
        "support": 69.0
    }
}