{
    "0": {
        "precision": 0.9023255813953488,
        "recall": 0.97,
        "f1-score": 0.9349397590361446,
        "support": 200.0
    },
    "1": {
        "precision": 0.8378378378378378,
        "recall": 0.5961538461538461,
        "f1-score": 0.6966292134831461,
        "support": 52.0
    },
    "accuracy": 0.8928571428571429,
    "macro avg": {
        "precision": 0.8700817096165934,
        "recall": 0.783076923076923,
        "f1-score": 0.8157844862596453,
        "support": 252.0
    },
    "weighted avg": {
        "precision": 0.8890185866930053,
        "recall": 0.8928571428571429,
        "f1-score": 0.8857645670966369,
        "support": 252.0
    }
}