{
    "0": 0.672215269086358,
    "1": 0.783076923076923
}